/** TABLE AUTHOR **/
insert into author values(1,'Charles Dickens');
insert into author values(2,'J. R. R. Tolkien');
insert into author values(3,'J. K. Rowling');
insert into author values(4,'Antoine de Saint-Exupéry');
insert into author values(5,'Cao Xueqin');
insert into author values(6,'Agatha Christie');
insert into author values(7,'C. S. Lewis');
insert into author values(8,'H. Rider Haggard');
insert into author values(9,'Carlo Collodi');
insert into author values(10,'	Dan Brown');
insert into author values(11,'	Paulo Coelho');
insert into author values(12,'J. D. Salinger');
insert into author values(13,'Robert James Waller');
insert into author values(14,'Lew Wallace');
insert into author values(15,'Louise Hay');
insert into author values(16,'Gabriel García Márquez');
insert into author values(17,'Vladimir Nabokov');
insert into author values(18,'Johanna Spyri');
insert into author values(19,'Benjamin Spock');
insert into author values(20,'Lucy Maud Montgomery');
insert into author values(21,'Anna Sewell');
insert into author values(22,'Fyodor Dostoevsky');
insert into author values(23,'George Orwell');

/** TABLE BOOK **/

Insert into BOOK (BOOK_ID,TITLE,LANGUAGE,NUM_PAGES,PUBLICATION_YEAR,PRICE,AUTHOR_ID,B_CATEGORY,QUANTITY) values ('1','A Tale of Two Cities','English','448','1859','10','1','Historical Literature','2');
Insert into BOOK (BOOK_ID,TITLE,LANGUAGE,NUM_PAGES,PUBLICATION_YEAR,PRICE,AUTHOR_ID,B_CATEGORY,QUANTITY) values ('2','The Hobbit','English','310','1937','8','2','Fantasy','7');
Insert into BOOK (BOOK_ID,TITLE,LANGUAGE,NUM_PAGES,PUBLICATION_YEAR,PRICE,AUTHOR_ID,B_CATEGORY,QUANTITY) values ('3',' Harry Potter and the Philosopher"s Stone','English','384','1997','11','3','Fantasy','3');
Insert into BOOK (BOOK_ID,TITLE,LANGUAGE,NUM_PAGES,PUBLICATION_YEAR,PRICE,AUTHOR_ID,B_CATEGORY,QUANTITY) values ('4',' The Little Prince	','English','442','1943','13','4','Novella','0');
Insert into BOOK (BOOK_ID,TITLE,LANGUAGE,NUM_PAGES,PUBLICATION_YEAR,PRICE,AUTHOR_ID,B_CATEGORY,QUANTITY) values ('5',' Dream of the Red Chamber	','Chinese','698','1762','16','5','Family saga','6');
Insert into BOOK (BOOK_ID,TITLE,LANGUAGE,NUM_PAGES,PUBLICATION_YEAR,PRICE,AUTHOR_ID,B_CATEGORY,QUANTITY) values ('6','And Then There Were None','English','386','1939','9','6','Mystery','4');
Insert into BOOK (BOOK_ID,TITLE,LANGUAGE,NUM_PAGES,PUBLICATION_YEAR,PRICE,AUTHOR_ID,B_CATEGORY,QUANTITY) values ('7','The Lion, the Witch and the Wardrobe	','English','561','1950','14','7','Fantasy','2');
Insert into BOOK (BOOK_ID,TITLE,LANGUAGE,NUM_PAGES,PUBLICATION_YEAR,PRICE,AUTHOR_ID,B_CATEGORY,QUANTITY) values ('8','She: A History of Adventure	','English','429','1887','21','8','Adventure','2');
Insert into BOOK (BOOK_ID,TITLE,LANGUAGE,NUM_PAGES,PUBLICATION_YEAR,PRICE,AUTHOR_ID,B_CATEGORY,QUANTITY) values ('9','The Adventures of Pinocchio	','Italian','121','1881','8','9','Fantasy','6');
Insert into BOOK (BOOK_ID,TITLE,LANGUAGE,NUM_PAGES,PUBLICATION_YEAR,PRICE,AUTHOR_ID,B_CATEGORY,QUANTITY) values ('10','The Da Vinci Code	','English','725','2003','16','10','Mystery thriller','4');
Insert into BOOK (BOOK_ID,TITLE,LANGUAGE,NUM_PAGES,PUBLICATION_YEAR,PRICE,AUTHOR_ID,B_CATEGORY,QUANTITY) values ('11',' Harry Potter and the Chamber of Secrets','English','313','1998','11,5','3','Fantasy','3');
Insert into BOOK (BOOK_ID,TITLE,LANGUAGE,NUM_PAGES,PUBLICATION_YEAR,PRICE,AUTHOR_ID,B_CATEGORY,QUANTITY) values ('12',' Harry Potter and the Prisoner of Azkaban','English','438','1999','12','3','Fantasy','6');
Insert into BOOK (BOOK_ID,TITLE,LANGUAGE,NUM_PAGES,PUBLICATION_YEAR,PRICE,AUTHOR_ID,B_CATEGORY,QUANTITY) values ('13',' Harry Potter and the Goblet of Fire','English','287','2000','10','3','Fantasy','5');
Insert into BOOK (BOOK_ID,TITLE,LANGUAGE,NUM_PAGES,PUBLICATION_YEAR,PRICE,AUTHOR_ID,B_CATEGORY,QUANTITY) values ('14','Ben-Hur: A Tale of the Christ','English','516','1880','7,7','14','Novel','9');
Insert into BOOK (BOOK_ID,TITLE,LANGUAGE,NUM_PAGES,PUBLICATION_YEAR,PRICE,AUTHOR_ID,B_CATEGORY,QUANTITY) values ('15','You Can Heal Your Life','English','272','1984','22,49','15','Self-help','7');
Insert into BOOK (BOOK_ID,TITLE,LANGUAGE,NUM_PAGES,PUBLICATION_YEAR,PRICE,AUTHOR_ID,B_CATEGORY,QUANTITY) values ('16','One Hundred Years of Solitude','Spanish','448','1967','57,6','16','Magic realism','8');
Insert into BOOK (BOOK_ID,TITLE,LANGUAGE,NUM_PAGES,PUBLICATION_YEAR,PRICE,AUTHOR_ID,B_CATEGORY,QUANTITY) values ('17','Lolita','English','336','1955','16,65','17','Novel','2');
Insert into BOOK (BOOK_ID,TITLE,LANGUAGE,NUM_PAGES,PUBLICATION_YEAR,PRICE,AUTHOR_ID,B_CATEGORY,QUANTITY) values ('18','Heidi','German','148','1880','5,79','18','Children fiction','4');
Insert into BOOK (BOOK_ID,TITLE,LANGUAGE,NUM_PAGES,PUBLICATION_YEAR,PRICE,AUTHOR_ID,B_CATEGORY,QUANTITY) values ('19','The Common Sense Book of Baby and Child Care','English','208','1946','12,5','19','Manual','4');
Insert into BOOK (BOOK_ID,TITLE,LANGUAGE,NUM_PAGES,PUBLICATION_YEAR,PRICE,AUTHOR_ID,B_CATEGORY,QUANTITY) values ('20','Anne of Green Gables','English','208','1908','7,79','20','Children novel','1');
Insert into BOOK (BOOK_ID,TITLE,LANGUAGE,NUM_PAGES,PUBLICATION_YEAR,PRICE,AUTHOR_ID,B_CATEGORY,QUANTITY) values ('21','Black Beauty','English','336','1877','7,67','21','Children literature','1');
Insert into BOOK (BOOK_ID,TITLE,LANGUAGE,NUM_PAGES,PUBLICATION_YEAR,PRICE,AUTHOR_ID,B_CATEGORY,QUANTITY) values ('22','Crime and Punishmen','Russian','700','1866','31,2','22','Novel','2');
Insert into BOOK (BOOK_ID,TITLE,LANGUAGE,NUM_PAGES,PUBLICATION_YEAR,PRICE,AUTHOR_ID,B_CATEGORY,QUANTITY) values ('23','Animal Farm','English','112','1945','9,99','23','Politics','6');

/** TABLE CUSTOMER **/
INSERT INTO customer VALUES (1,'Salah','Ben Amor','90 Bulgaria Sousse',1,'male',34,'Tunisia');
INSERT INTO customer VALUES (2,'Phill','Foden','452 St-pierre Paris',2,'male',21,'France');
INSERT INTO customer VALUES (3,'Bernardo','Silva','1024 liberation ave Kinshasa',3,'male',29,'Congo DCR');
INSERT INTO customer VALUES (4,'Luka','Jovic','1223 Sheikh salman st Kuwait',4,'female',22,'Kuwait');
INSERT INTO customer VALUES (5,'Mohamed','Issaoui','12354 madrid Tunis',5,'female',57,'Tunisia');
INSERT INTO customer VALUES (6,'Robert','Dinero','121154 charliton st Bermingham',6,'male',74,'United Kingdom');
INSERT INTO customer VALUES (7,'Sarah','Hakimi','65536 mohamed 6 marrakech',7,'female',18,'Morocco');
INSERT INTO customer VALUES (8,'Sadio','Mane','245451 victoria ave dakkar',8,'male',24,'Senegal');
INSERT INTO customer VALUES (9,'Neck','James','4026 ben franklin ave portland',9,'female',36,'United States');
INSERT INTO customer VALUES (10,'Lebron','Meth','7512 Goethenberg st Malmo,10',10,'female',42,'Sweden');
INSERT INTO customer VALUES (11,'Johan','Cruyff','Zwaansweg 15 Kedichem,Zuid-Holland',11,'male',60,'Netherlands');
INSERT INTO customer VALUES (12,'Martin','Odeegard','Askeveien 166,Oslo',12,'female',23,'Norway');
INSERT INTO customer VALUES (13,'Paul','Allen','4512 Liberty st New York',13,'male',26,'United States');
INSERT INTO customer VALUES (14,'Akram','Afif','8751 1973 ave Doha',14,'male',29,'Qatar');
INSERT INTO customer VALUES (15,'Selina','Sharapova','2154 Rasputin st Moscow',15,'female',34,'Russia');

/**TABLE SHIPPING METHOD**/
insert into shipping_method values (1,'UPS',89.99);
insert into shipping_method values (2,'FEDEX',253.82);
insert into shipping_method values (3,'USPS',230);
insert into shipping_method values (4,'INTERNATIONAL',34.99);

/**TABLE ODER_STATUS**/
insert into order_status values(1,'Pending');
insert into order_status values(2,'In Progress');
insert into order_status values(3,'Delivered');
insert into order_status values(4,'Cancelled');

/** TABLE CUSTOMER ORDER **/
Insert into CUST_ORDER (ORDER_ID,ORDER_DATE,CUSTOMER_ID,BOOK_ID,METHOD_ID,TOTAL_PRICE) values ('1',to_date('05/01/21','DD/MM/RR'),'1','1','1','899,9');
Insert into CUST_ORDER (ORDER_ID,ORDER_DATE,CUSTOMER_ID,BOOK_ID,METHOD_ID,TOTAL_PRICE) values ('2',to_date('10/01/21','DD/MM/RR'),'1','4','2','266,82');
Insert into CUST_ORDER (ORDER_ID,ORDER_DATE,CUSTOMER_ID,BOOK_ID,METHOD_ID,TOTAL_PRICE) values ('3',to_date('22/02/21','DD/MM/RR'),'2','5','3','246');
Insert into CUST_ORDER (ORDER_ID,ORDER_DATE,CUSTOMER_ID,BOOK_ID,METHOD_ID,TOTAL_PRICE) values ('4',to_date('20/03/21','DD/MM/RR'),'3','2','4','42,99');
Insert into CUST_ORDER (ORDER_ID,ORDER_DATE,CUSTOMER_ID,BOOK_ID,METHOD_ID,TOTAL_PRICE) values ('5',to_date('12/03/21','DD/MM/RR'),'4','6','3','239');
Insert into CUST_ORDER (ORDER_ID,ORDER_DATE,CUSTOMER_ID,BOOK_ID,METHOD_ID,TOTAL_PRICE) values ('6',to_date('17/04/21','DD/MM/RR'),'5','7','1','103,99');
Insert into CUST_ORDER (ORDER_ID,ORDER_DATE,CUSTOMER_ID,BOOK_ID,METHOD_ID,TOTAL_PRICE) values ('7',to_date('07/05/21','DD/MM/RR'),'7','9','1','103,99');
Insert into CUST_ORDER (ORDER_ID,ORDER_DATE,CUSTOMER_ID,BOOK_ID,METHOD_ID,TOTAL_PRICE) values ('8',to_date('21/05/21','DD/MM/RR'),'8','10','1','97,99');
Insert into CUST_ORDER (ORDER_ID,ORDER_DATE,CUSTOMER_ID,BOOK_ID,METHOD_ID,TOTAL_PRICE) values ('9',to_date('25/05/21','DD/MM/RR'),'9','10','1','97,99');
Insert into CUST_ORDER (ORDER_ID,ORDER_DATE,CUSTOMER_ID,BOOK_ID,METHOD_ID,TOTAL_PRICE) values ('10',to_date('10/06/21','DD/MM/RR'),'9','11','1','110,49');
Insert into CUST_ORDER (ORDER_ID,ORDER_DATE,CUSTOMER_ID,BOOK_ID,METHOD_ID,TOTAL_PRICE) values ('11',to_date('01/06/21','DD/MM/RR'),'10','12','2','265,82');
Insert into CUST_ORDER (ORDER_ID,ORDER_DATE,CUSTOMER_ID,BOOK_ID,METHOD_ID,TOTAL_PRICE) values ('12',to_date('12/07/21','DD/MM/RR'),'10','13','3','240');
Insert into CUST_ORDER (ORDER_ID,ORDER_DATE,CUSTOMER_ID,BOOK_ID,METHOD_ID,TOTAL_PRICE) values ('13',to_date('16/07/21','DD/MM/RR'),'12','1','3','240');
Insert into CUST_ORDER (ORDER_ID,ORDER_DATE,CUSTOMER_ID,BOOK_ID,METHOD_ID,TOTAL_PRICE) values ('14',to_date('11/08/21','DD/MM/RR'),'10','1','3','240');
Insert into CUST_ORDER (ORDER_ID,ORDER_DATE,CUSTOMER_ID,BOOK_ID,METHOD_ID,TOTAL_PRICE) values ('15',to_date('25/08/21','DD/MM/RR'),'9','6','2','262,82');
Insert into CUST_ORDER (ORDER_ID,ORDER_DATE,CUSTOMER_ID,BOOK_ID,METHOD_ID,TOTAL_PRICE) values ('16',to_date('12/12/21','DD/MM/RR'),'3','6','2','262,82');
Insert into CUST_ORDER (ORDER_ID,ORDER_DATE,CUSTOMER_ID,BOOK_ID,METHOD_ID,TOTAL_PRICE) values ('17',to_date('20/10/21','DD/MM/RR'),'3','6','2','262,82');
Insert into CUST_ORDER (ORDER_ID,ORDER_DATE,CUSTOMER_ID,BOOK_ID,METHOD_ID,TOTAL_PRICE) values ('18',to_date('28/10/21','DD/MM/RR'),'3','2','3','238');
Insert into CUST_ORDER (ORDER_ID,ORDER_DATE,CUSTOMER_ID,BOOK_ID,METHOD_ID,TOTAL_PRICE) values ('19',to_date('17/11/21','DD/MM/RR'),'3','8','1','110,99');
Insert into CUST_ORDER (ORDER_ID,ORDER_DATE,CUSTOMER_ID,BOOK_ID,METHOD_ID,TOTAL_PRICE) values ('20',to_date('23/11/21','DD/MM/RR'),'3','12','1','265,82');
Insert into CUST_ORDER (ORDER_ID,ORDER_DATE,CUSTOMER_ID,BOOK_ID,METHOD_ID,TOTAL_PRICE) values ('21',to_date('30/11/21','DD/MM/RR'),'3','22','1','285,02');
Insert into CUST_ORDER (ORDER_ID,ORDER_DATE,CUSTOMER_ID,BOOK_ID,METHOD_ID,TOTAL_PRICE) values ('22',to_date('18/10/21','DD/MM/RR'),'4','22','1','285,02');
Insert into CUST_ORDER (ORDER_ID,ORDER_DATE,CUSTOMER_ID,BOOK_ID,METHOD_ID,TOTAL_PRICE) values ('23',to_date('20/10/21','DD/MM/RR'),'2','22','1','285,02');
Insert into CUST_ORDER (ORDER_ID,ORDER_DATE,CUSTOMER_ID,BOOK_ID,METHOD_ID,TOTAL_PRICE) values ('24',to_date('11/10/21','DD/MM/RR'),'4','22','3','261,2');
Insert into CUST_ORDER (ORDER_ID,ORDER_DATE,CUSTOMER_ID,BOOK_ID,METHOD_ID,TOTAL_PRICE) values ('25',to_date('11/09/21','DD/MM/RR'),'4','22','3','261,2');
Insert into CUST_ORDER (ORDER_ID,ORDER_DATE,CUSTOMER_ID,BOOK_ID,METHOD_ID,TOTAL_PRICE) values ('26',to_date('20/08/21','DD/MM/RR'),'4','23','3','239,99');
Insert into CUST_ORDER (ORDER_ID,ORDER_DATE,CUSTOMER_ID,BOOK_ID,METHOD_ID,TOTAL_PRICE) values ('27',to_date('20/08/21','DD/MM/RR'),'12','21','4','42,66');
Insert into CUST_ORDER (ORDER_ID,ORDER_DATE,CUSTOMER_ID,BOOK_ID,METHOD_ID,TOTAL_PRICE) values ('28',to_date('20/08/21','DD/MM/RR'),'5','21','4','42,66');
Insert into CUST_ORDER (ORDER_ID,ORDER_DATE,CUSTOMER_ID,BOOK_ID,METHOD_ID,TOTAL_PRICE) values ('29',to_date('20/06/21','DD/MM/RR'),'5','20','2','261,61');
Insert into CUST_ORDER (ORDER_ID,ORDER_DATE,CUSTOMER_ID,BOOK_ID,METHOD_ID,TOTAL_PRICE) values ('30',to_date('11/05/21','DD/MM/RR'),'6','20','2','261,61');
Insert into CUST_ORDER (ORDER_ID,ORDER_DATE,CUSTOMER_ID,BOOK_ID,METHOD_ID,TOTAL_PRICE) values ('31',to_date('20/05/21','DD/MM/RR'),'11','19','3','242,5');
Insert into CUST_ORDER (ORDER_ID,ORDER_DATE,CUSTOMER_ID,BOOK_ID,METHOD_ID,TOTAL_PRICE) values ('32',to_date('15/04/21','DD/MM/RR'),'9','19','3','242,5');
Insert into CUST_ORDER (ORDER_ID,ORDER_DATE,CUSTOMER_ID,BOOK_ID,METHOD_ID,TOTAL_PRICE) values ('33',to_date('14/01/21','DD/MM/RR'),'9','13','1','99,99');
Insert into CUST_ORDER (ORDER_ID,ORDER_DATE,CUSTOMER_ID,BOOK_ID,METHOD_ID,TOTAL_PRICE) values ('34',to_date('16/01/21','DD/MM/RR'),'12','13','1','99,99');
Insert into CUST_ORDER (ORDER_ID,ORDER_DATE,CUSTOMER_ID,BOOK_ID,METHOD_ID,TOTAL_PRICE) values ('35',to_date('12/02/21','DD/MM/RR'),'8','11','2','265,32');
Insert into CUST_ORDER (ORDER_ID,ORDER_DATE,CUSTOMER_ID,BOOK_ID,METHOD_ID,TOTAL_PRICE) values ('36',to_date('12/02/21','DD/MM/RR'),'11','11','2','265,32');
Insert into CUST_ORDER (ORDER_ID,ORDER_DATE,CUSTOMER_ID,BOOK_ID,METHOD_ID,TOTAL_PRICE) values ('37',to_date('30/03/21','DD/MM/RR'),'4','6','4','43,99');
Insert into CUST_ORDER (ORDER_ID,ORDER_DATE,CUSTOMER_ID,BOOK_ID,METHOD_ID,TOTAL_PRICE) values ('38',to_date('30/04/21','DD/MM/RR'),'5','22','4','66,19');
Insert into CUST_ORDER (ORDER_ID,ORDER_DATE,CUSTOMER_ID,BOOK_ID,METHOD_ID,TOTAL_PRICE) values ('39',to_date('15/04/21','DD/MM/RR'),'5','4','2','266,82');
Insert into CUST_ORDER (ORDER_ID,ORDER_DATE,CUSTOMER_ID,BOOK_ID,METHOD_ID,TOTAL_PRICE) values ('40',to_date('15/04/21','DD/MM/RR'),'10','4','2','266,82');
Insert into CUST_ORDER (ORDER_ID,ORDER_DATE,CUSTOMER_ID,BOOK_ID,METHOD_ID,TOTAL_PRICE) values ('41',to_date('15/05/21','DD/MM/RR'),'3','4','2','266,82');
Insert into CUST_ORDER (ORDER_ID,ORDER_DATE,CUSTOMER_ID,BOOK_ID,METHOD_ID,TOTAL_PRICE) values ('42',to_date('16/05/21','DD/MM/RR'),'3','8','3','251');
Insert into CUST_ORDER (ORDER_ID,ORDER_DATE,CUSTOMER_ID,BOOK_ID,METHOD_ID,TOTAL_PRICE) values ('43',to_date('16/06/21','DD/MM/RR'),'4','8','3','251');
Insert into CUST_ORDER (ORDER_ID,ORDER_DATE,CUSTOMER_ID,BOOK_ID,METHOD_ID,TOTAL_PRICE) values ('44',to_date('11/07/21','DD/MM/RR'),'3','22','3','261,2');
Insert into CUST_ORDER (ORDER_ID,ORDER_DATE,CUSTOMER_ID,BOOK_ID,METHOD_ID,TOTAL_PRICE) values ('45',to_date('16/07/21','DD/MM/RR'),'9','22','3','261,2');
Insert into CUST_ORDER (ORDER_ID,ORDER_DATE,CUSTOMER_ID,BOOK_ID,METHOD_ID,TOTAL_PRICE) values ('46',to_date('13/08/21','DD/MM/RR'),'9','6','3','239');
Insert into CUST_ORDER (ORDER_ID,ORDER_DATE,CUSTOMER_ID,BOOK_ID,METHOD_ID,TOTAL_PRICE) values ('47',to_date('22/08/21','DD/MM/RR'),'4','6','3','239');
Insert into CUST_ORDER (ORDER_ID,ORDER_DATE,CUSTOMER_ID,BOOK_ID,METHOD_ID,TOTAL_PRICE) values ('48',to_date('22/09/21','DD/MM/RR'),'1','6','3','239');
Insert into CUST_ORDER (ORDER_ID,ORDER_DATE,CUSTOMER_ID,BOOK_ID,METHOD_ID,TOTAL_PRICE) values ('49',to_date('27/10/21','DD/MM/RR'),'5','11','2','265,32');
Insert into CUST_ORDER (ORDER_ID,ORDER_DATE,CUSTOMER_ID,BOOK_ID,METHOD_ID,TOTAL_PRICE) values ('50',to_date('10/10/21','DD/MM/RR'),'10','11','2','265,32');
Insert into CUST_ORDER (ORDER_ID,ORDER_DATE,CUSTOMER_ID,BOOK_ID,METHOD_ID,TOTAL_PRICE) values ('51',to_date('23/07/21','DD/MM/RR'),'4','2','2','261,82');

/** TABLE ORDER_HISTORY **/
Insert into ORDER_HISTORY (HISTORY_ID,ORDER_ID,STATUS_ID,STATUS_DATE) values ('1','1','3',to_date('06/01/21','DD/MM/RR'));
Insert into ORDER_HISTORY (HISTORY_ID,ORDER_ID,STATUS_ID,STATUS_DATE) values ('2','2','1',to_date('10/01/21','DD/MM/RR'));
Insert into ORDER_HISTORY (HISTORY_ID,ORDER_ID,STATUS_ID,STATUS_DATE) values ('3','2','1',to_date('22/02/21','DD/MM/RR'));
Insert into ORDER_HISTORY (HISTORY_ID,ORDER_ID,STATUS_ID,STATUS_DATE) values ('4','4','3',to_date('27/03/21','DD/MM/RR'));
Insert into ORDER_HISTORY (HISTORY_ID,ORDER_ID,STATUS_ID,STATUS_DATE) values ('5','5','1',to_date('12/03/21','DD/MM/RR'));
Insert into ORDER_HISTORY (HISTORY_ID,ORDER_ID,STATUS_ID,STATUS_DATE) values ('6','6','3',to_date('22/04/21','DD/MM/RR'));
Insert into ORDER_HISTORY (HISTORY_ID,ORDER_ID,STATUS_ID,STATUS_DATE) values ('7','7','3',to_date('12/05/21','DD/MM/RR'));
Insert into ORDER_HISTORY (HISTORY_ID,ORDER_ID,STATUS_ID,STATUS_DATE) values ('8','8','1',to_date('21/05/21','DD/MM/RR'));
Insert into ORDER_HISTORY (HISTORY_ID,ORDER_ID,STATUS_ID,STATUS_DATE) values ('9','9','2',to_date('26/05/21','DD/MM/RR'));
Insert into ORDER_HISTORY (HISTORY_ID,ORDER_ID,STATUS_ID,STATUS_DATE) values ('10','10','1',to_date('10/06/21','DD/MM/RR'));
Insert into ORDER_HISTORY (HISTORY_ID,ORDER_ID,STATUS_ID,STATUS_DATE) values ('11','11','3',to_date('02/06/21','DD/MM/RR'));
Insert into ORDER_HISTORY (HISTORY_ID,ORDER_ID,STATUS_ID,STATUS_DATE) values ('12','12','3',to_date('14/07/21','DD/MM/RR'));
Insert into ORDER_HISTORY (HISTORY_ID,ORDER_ID,STATUS_ID,STATUS_DATE) values ('13','13','2',to_date('17/07/21','DD/MM/RR'));
Insert into ORDER_HISTORY (HISTORY_ID,ORDER_ID,STATUS_ID,STATUS_DATE) values ('14','14','2',to_date('12/08/21','DD/MM/RR'));
Insert into ORDER_HISTORY (HISTORY_ID,ORDER_ID,STATUS_ID,STATUS_DATE) values ('15','15','1',to_date('25/08/21','DD/MM/RR'));
Insert into ORDER_HISTORY (HISTORY_ID,ORDER_ID,STATUS_ID,STATUS_DATE) values ('16','16','2',to_date('14/12/21','DD/MM/RR'));
Insert into ORDER_HISTORY (HISTORY_ID,ORDER_ID,STATUS_ID,STATUS_DATE) values ('17','17','3',to_date('21/10/21','DD/MM/RR'));
Insert into ORDER_HISTORY (HISTORY_ID,ORDER_ID,STATUS_ID,STATUS_DATE) values ('18','18','3',to_date('30/10/21','DD/MM/RR'));
Insert into ORDER_HISTORY (HISTORY_ID,ORDER_ID,STATUS_ID,STATUS_DATE) values ('19','19','1',to_date('17/11/21','DD/MM/RR'));
Insert into ORDER_HISTORY (HISTORY_ID,ORDER_ID,STATUS_ID,STATUS_DATE) values ('20','20','1',to_date('23/11/21','DD/MM/RR'));
Insert into ORDER_HISTORY (HISTORY_ID,ORDER_ID,STATUS_ID,STATUS_DATE) values ('21','21','1',to_date('30/11/21','DD/MM/RR'));
Insert into ORDER_HISTORY (HISTORY_ID,ORDER_ID,STATUS_ID,STATUS_DATE) values ('22','22','3',to_date('23/10/21','DD/MM/RR'));
Insert into ORDER_HISTORY (HISTORY_ID,ORDER_ID,STATUS_ID,STATUS_DATE) values ('23','23','3',to_date('21/10/21','DD/MM/RR'));
Insert into ORDER_HISTORY (HISTORY_ID,ORDER_ID,STATUS_ID,STATUS_DATE) values ('24','24','3',to_date('13/10/21','DD/MM/RR'));
Insert into ORDER_HISTORY (HISTORY_ID,ORDER_ID,STATUS_ID,STATUS_DATE) values ('25','25','1',to_date('11/09/21','DD/MM/RR'));
Insert into ORDER_HISTORY (HISTORY_ID,ORDER_ID,STATUS_ID,STATUS_DATE) values ('26','26','3',to_date('24/08/21','DD/MM/RR'));
Insert into ORDER_HISTORY (HISTORY_ID,ORDER_ID,STATUS_ID,STATUS_DATE) values ('27','27','3',to_date('24/08/21','DD/MM/RR'));
Insert into ORDER_HISTORY (HISTORY_ID,ORDER_ID,STATUS_ID,STATUS_DATE) values ('28','28','3',to_date('24/08/21','DD/MM/RR'));
Insert into ORDER_HISTORY (HISTORY_ID,ORDER_ID,STATUS_ID,STATUS_DATE) values ('29','29','1',to_date('20/06/21','DD/MM/RR'));
Insert into ORDER_HISTORY (HISTORY_ID,ORDER_ID,STATUS_ID,STATUS_DATE) values ('30','30','1',to_date('11/05/21','DD/MM/RR'));
Insert into ORDER_HISTORY (HISTORY_ID,ORDER_ID,STATUS_ID,STATUS_DATE) values ('31','31','3',to_date('22/05/21','DD/MM/RR'));
Insert into ORDER_HISTORY (HISTORY_ID,ORDER_ID,STATUS_ID,STATUS_DATE) values ('32','32','1',to_date('15/04/21','DD/MM/RR'));
Insert into ORDER_HISTORY (HISTORY_ID,ORDER_ID,STATUS_ID,STATUS_DATE) values ('33','33','1',to_date('14/01/21','DD/MM/RR'));
Insert into ORDER_HISTORY (HISTORY_ID,ORDER_ID,STATUS_ID,STATUS_DATE) values ('34','34','2',to_date('17/01/21','DD/MM/RR'));
Insert into ORDER_HISTORY (HISTORY_ID,ORDER_ID,STATUS_ID,STATUS_DATE) values ('35','35','3',to_date('13/02/21','DD/MM/RR'));
Insert into ORDER_HISTORY (HISTORY_ID,ORDER_ID,STATUS_ID,STATUS_DATE) values ('36','36','3',to_date('13/02/21','DD/MM/RR'));
Insert into ORDER_HISTORY (HISTORY_ID,ORDER_ID,STATUS_ID,STATUS_DATE) values ('37','37','1',to_date('30/03/21','DD/MM/RR'));
Insert into ORDER_HISTORY (HISTORY_ID,ORDER_ID,STATUS_ID,STATUS_DATE) values ('38','38','3',to_date('06/05/21','DD/MM/RR'));
Insert into ORDER_HISTORY (HISTORY_ID,ORDER_ID,STATUS_ID,STATUS_DATE) values ('39','39','1',to_date('15/04/21','DD/MM/RR'));
Insert into ORDER_HISTORY (HISTORY_ID,ORDER_ID,STATUS_ID,STATUS_DATE) values ('40','40','1',to_date('15/04/21','DD/MM/RR'));
Insert into ORDER_HISTORY (HISTORY_ID,ORDER_ID,STATUS_ID,STATUS_DATE) values ('41','41','1',to_date('15/05/21','DD/MM/RR'));
Insert into ORDER_HISTORY (HISTORY_ID,ORDER_ID,STATUS_ID,STATUS_DATE) values ('42','42','3',to_date('18/05/21','DD/MM/RR'));
Insert into ORDER_HISTORY (HISTORY_ID,ORDER_ID,STATUS_ID,STATUS_DATE) values ('43','43','3',to_date('18/06/21','DD/MM/RR'));
Insert into ORDER_HISTORY (HISTORY_ID,ORDER_ID,STATUS_ID,STATUS_DATE) values ('44','44','1',to_date('11/07/21','DD/MM/RR'));
Insert into ORDER_HISTORY (HISTORY_ID,ORDER_ID,STATUS_ID,STATUS_DATE) values ('45','45','2',to_date('17/07/21','DD/MM/RR'));
Insert into ORDER_HISTORY (HISTORY_ID,ORDER_ID,STATUS_ID,STATUS_DATE) values ('46','46','1',to_date('13/08/21','DD/MM/RR'));
Insert into ORDER_HISTORY (HISTORY_ID,ORDER_ID,STATUS_ID,STATUS_DATE) values ('47','47','3',to_date('24/08/21','DD/MM/RR'));
Insert into ORDER_HISTORY (HISTORY_ID,ORDER_ID,STATUS_ID,STATUS_DATE) values ('48','48','1',to_date('22/09/21','DD/MM/RR'));
Insert into ORDER_HISTORY (HISTORY_ID,ORDER_ID,STATUS_ID,STATUS_DATE) values ('49','49','3',to_date('28/10/21','DD/MM/RR'));
Insert into ORDER_HISTORY (HISTORY_ID,ORDER_ID,STATUS_ID,STATUS_DATE) values ('50','50','1',to_date('10/10/21','DD/MM/RR'));
Insert into ORDER_HISTORY (HISTORY_ID,ORDER_ID,STATUS_ID,STATUS_DATE) values ('51','4','1',to_date('23/07/21','DD/MM/RR'));
